student_id,content,wording
000000ffffff,-1.0285704302313832,-0.6407501013299386
111111eeeeee,-1.0285704302313832,-0.6407501013299386
222222cccccc,-1.0285704302313832,-0.6407501013299386
333333dddddd,-1.0285704302313832,-0.6407501013299386
