student_id,content,wording
000000ffffff,-1.2279329206518144,-0.9961828264921743
111111eeeeee,-1.2626289678666558,-0.9949515731623345
222222cccccc,-1.1834528869748826,-0.9961828264921743
333333dddddd,-1.2572014253193433,-0.9949515731623345
